crl+AF8-uri,crl+AF8-size,num+AF8-of+AF8-revoked,used+AF8-by,amortized+AF8-cost
http://developer.apple.com/certificationauthority/wwdrca.crl,28384038,692281,1,28384038
http://crl.oces.certifikat.dk/oces.crl,7680785,333928,1,7680785
http://pki.dimc.dhs.gov/DHS+AF8-CA1.crl,11927457,280838,1,11927457
http://cdp1.ssp+AC0-strong+AC0-id.net/CDP/HHS+AC0-SSP+AC0-CA+AC0-B7.crl,10062960,162309,2,5031480
http://www.accv.es/gestcert/accv+AF8-ca2.crl,2214761,76914,8,276846
http://www.accv.es/gestcert/accv+AC0-ca2.crl,2214761,76914,2,1107381
http://SVRSecure+AC0-G3+AC0-crl.verisign.com/SVRSecureG3.crl,1165603,33290,6210,188
http://crl.entrust.net/level1c.crl,1418189,32502,1357,1046
http://SVRIntl+AC0-G3+AC0-crl.verisign.com/SVRIntlG3.crl,686179,19591,2997,229
http://202.109.194.229/download/FJCA.crl,926710,18907,1,926710
http://crl.buypass.no/crl/BPClass3CA1.crl,468231,18224,6,78039
http://crl.xi.tcclass2+AC0-ii.trustcenter.de/crl/v2/tc+AF8-class2+AF8-L1+AF8-CA+AF8-XI.crl,626316,17693,96,6525
http://crl.comodoca.com/PositiveSSLCA.crl,619057,17425,1799,345
http://certificates.godaddy.com/repository/godaddyextendedissuing4.crl,605200,16790,30,20174
http://postarca.posta.si/crl/postarca.crl,587851,15876,1,587851
http://repository.publicca.hinet.net/crl/PubCA/complete.crl,701420,14306,5,140284
http://www.disig.sk/ca/crl/ca+AF8-disig.crl,395412,14221,2,197706
http://cert.managedpki.com/pkioverheid/crl/GetronicsCSPJustitieCAG2/LatestCRL.crl,584048,13275,1,584048
http://svr+AC0-dv+AC0-crl.thawte.com/ThawteDV.crl,431313,12311,5443,80
http://nicca.nic.in/crl+AF8-142926D2FF14439B38F9.crl,355400,12068,12,29617
http://svr+AC0-ov+AC0-crl.thawte.com/ThawteOV.crl,397937,11358,4851,83
http://www.sigen+AC0-ca.si/crl/sigen+AC0-ca.crl,404085,10909,1,404085
http://www.cadence.com/cadencepki/crls/cdnsecure/Cadence+ACU-20Secure+ACU-20Server+ACU-20Authority(1).crl,292091,10007,1,292091
http://epscd2.catcert.net/crl/ec+AC0-safp.crl,487594,9930,2,243797
http://crl.starfieldtech.com/sfs1+AC0-23.crl,392785,9793,673,584
http://crl.starfieldtech.com/sfs1+AC0-24.crl,390360,9738,649,602
http://crl.godaddy.com/gds1+AC0-79.crl,379054,9456,672,565
http://crl.godaddy.com/gds1+AC0-77.crl,375539,9362,665,565
http://crl.godaddy.com/gds1+AC0-76.crl,371838,9271,662,562
http://crl.godaddy.com/gds1+AC0-78.crl,370728,9243,659,563
http://crl.godaddy.com/gds1+AC0-74.crl,369909,9222,641,578
http://repository.publicca.hinet.net/crl/1000+AC0-1/complete.crl,451911,9212,4,112978
http://crl.godaddy.com/gds1+AC0-72.crl,368019,9178,537,686
http://crl.godaddy.com/gds1+AC0-73.crl,367663,9167,583,631
http://crl.godaddy.com/gds1+AC0-71.crl,367359,9158,494,744
http://crl.godaddy.com/gds1+AC0-81.crl,365708,9120,633,578
http://crl.godaddy.com/gds1+AC0-80.crl,365255,9108,708,516
http://crl.godaddy.com/gds1+AC0-75.crl,364960,9103,668,547
http://crl.godaddy.com/gds1+AC0-82.crl,362924,9056,724,502
http://epscd2.catcert.net/crl/ec+AC0-al.crl,443795,9036,8,55475
http://crl.godaddy.com/gds1+AC0-83.crl,359243,8957,687,523
http://crl.godaddy.com/gds1+AC0-84.crl,353138,8803,693,510
http://crl.godaddy.com/gds1+AC0-87.crl,350183,8729,667,526
http://ccd.serpro.gov.br/lcr/acserprorfbv3.crl,306312,8727,4,76578
http://crl.godaddy.com/gds1+AC0-85.crl,349637,8718,686,510
http://crl.godaddy.com/gds1+AC0-88.crl,338282,8435,734,461
http://crl.godaddy.com/gds1+AC0-86.crl,336945,8399,719,469
http://crl.comodoca.com/PositiveSSLCA2.crl,297922,8379,8864,34
http://crl1.hongkongpost.gov.hk/crl/eCertCA1+AC0-10CRL1.crl,301920,8372,17,17760
http://crl.godaddy.com/gds1+AC0-89.crl,330092,8232,701,471
http://crl.godaddy.com/gds1+AC0-90.crl,322620,8044,649,498
http://crl.comodoca.com/COMODOHigh+AC0-AssuranceSecureServerCA.crl,277574,7805,4789,58
http://crl.godaddy.com/gds1+AC0-91.crl,306951,7656,680,452
http://pki.saic.com/SAIC+ACU-20Public+ACU-20Issuing+ACU-20CA+ACU-2002(1).crl,308839,7194,1,308839
http://crl.pki.kz/crl/Rsa0.crl,457612,7026,2,228806
http://crl.e+AC0-szigno.hu/a3ca2009.crl,311477,6879,1,311477
http://gca.nat.gov.tw/repository/GCA4/CRL/complete.crl,339199,6842,13,26093
http://certificates.godaddy.com/repository/godaddyextendedissuing3.crl,235840,6530,30,7862
http://crl.starfieldtech.com/sfs1+AC0-22.crl,257338,6410,361,713
http://crl.firmaprofesional.com/firmaprofesional1.crl,254225,6188,1,254225
http://crl+AC0-2.trust.teliasonera.com/soneraclass2ca.crl,422027,5801,1,422027
http://crl.aol.com/AOLMSPKI/aolServerCert.crl,171813,5569,10,17182
http://EVIntl+AC0-crl.verisign.com/EVIntl2006.crl,192658,5490,2718,71
http://cdp1.pca.dfn.de/tu+AC0-berlin+AC0-ca/pub/crl/cacrl.crl,126578,5427,1,126578
http://crl.godaddy.com/gds1+AC0-92.crl,216754,5398,642,338
http://qcrldp1.ica.cz/qica09.crl,119324,5163,2,59662
http://epscd2.catcert.net/crl/ec+AC0-ur.crl,251158,5105,1,251158
http://certs.oati.net/repository/OATIIA2.crl,164981,5089,1,164981
http://crl.godaddy.com/gds1+AC0-70.crl,196690,4899,345,571
http://crl.starfieldtech.com/sfs1+AC0-25.crl,196065,4881,428,459
http://crl.godaddy.com/gds1+AC0-61.crl,194142,4837,221,879
http://crl.godaddy.com/gds1+AC0-59.crl,188581,4697,221,854
http://crl.godaddy.com/gds1+AC0-58.crl,188744,4695,233,811
http://crl.godaddy.com/gds1+AC0-64.crl,187335,4667,242,775
http://crl.godaddy.com/gds1+AC0-67.crl,187103,4658,242,774
http://crl.godaddy.com/gds1+AC0-69.crl,186715,4649,307,609
http://crl.godaddy.com/gds1+AC0-65.crl,185430,4618,217,855
http://crl.godaddy.com/gds1+AC0-57.crl,185146,4608,255,727
http://crl.godaddy.com/gds1+AC0-63.crl,185017,4605,229,808
http://crl.tcs.terena.org/TERENASSLCA.crl,163578,4595,464,353
http://crl.godaddy.com/gds1+AC0-66.crl,183447,4566,248,740
http://crl.godaddy.com/gds1+AC0-54.crl,182639,4548,198,923
http://crl.godaddy.com/gds1+AC0-56.crl,182290,4536,249,733
http://crl.godaddy.com/gds1+AC0-62.crl,181318,4517,206,881
http://crl.godaddy.com/gds1+AC0-68.crl,181056,4509,292,621
http://crl.godaddy.com/gds1+AC0-60.crl,180044,4482,252,715
http://crl.godaddy.com/gds1+AC0-53.crl,180040,4479,166,1085
http://crl.godaddy.com/gds1+AC0-55.crl,179259,4462,193,929
http://ca.cz.o2.com/crl/CA+AC0-CRL.crl,170648,4352,2,85324
http://crl.incommon.org/InCommonServerCA.crl,151973,4267,191,796
http://crl.godaddy.com/gds1+AC0-52.crl,170912,4250,190,900
http://csp.rcsc.lt/cdp/VI+ACU-20Registru+ACU-20Centras+ACU-20RCSC+ACU-20(IssuingCA+AC0-A).crl,160828,4063,1,160828
http://crl.swissdigicert.ch/sdcs+AC0-rubin.crl,139298,3815,2,69649
http://crl.starfieldtech.com/sfs1+AC0-20.crl,153475,3813,198,776
http://gfaca.gfapki.com.cn/gfa/crl/gfaCA.crl,187132,3811,2,93566
http://crl.starfieldtech.com/sfs1+AC0-21.crl,152401,3790,216,706
http://crl.disa.mil/crl/DODCA+AF8-21.crl,80272,3627,1,80272
http://crl.godaddy.com/gds1+AC0-36.crl,145042,3607,175,829
http://crl.disa.mil/crl/DODCA+AF8-27.crl,74503,3450,5,14901
http://pks.experian.com/crl/subca1.crl,127624,3430,1,127624
http://icp+AC0-brasil.certisign.com.br/repositorio/lcr/ACImprensaOficialSPRFBG3/LatestCRL.crl,120780,3429,1,120780
http://crl.godaddy.com/gds2+AC0-17.crl,135607,3368,565,241
http://crl.godaddy.com/gds1+AC0-33.crl,133387,3314,113,1181
http://crl.godaddy.com/gds1+AC0-32.crl,133388,3314,99,1348
http://crl.geotrust.com/crls/globalca1.crl,72782,3295,390,187
http://crl.godaddy.com/gds1+AC0-30.crl,130898,3250,122,1073
http://crl.godaddy.com/gds1+AC0-35.crl,128461,3193,118,1089
http://crl.acabogacia.org/crl/ACAcorporativos.crl,155746,3161,2,77873
http://www.pki.admin.ch/crl/AdminCA+AC0-CD+AC0-T01.crl,181407,3154,1,181407
http://crl.godaddy.com/gds1+AC0-34.crl,126501,3133,136,931
http://crl.godaddy.com/gds1+AC0-27.crl,123738,3065,84,1474
http://crl.disa.mil/crl/DODCA+AF8-22.crl,67813,3061,1,67813
http://crl.quovadisglobal.com/qvsslica.crl,134977,3019,103,1311
http://crl.godaddy.com/gds1+AC0-29.crl,121016,3003,96,1261
http://crl.godaddy.com/gds1+AC0-28.crl,119588,2969,114,1050
http://crl.godaddy.com/gds1+AC0-31.crl,118512,2946,99,1198
http://crl.godaddy.com/gds1+AC0-24.crl,115519,2857,95,1216
http://crl.godaddy.com/gds1+AC0-26.crl,114961,2844,90,1278
http://crl.godaddy.com/gds1+AC0-21.crl,111707,2766,79,1415
http://crl.godaddy.com/gds1+AC0-25.crl,111675,2756,106,1054
http://crl.godaddy.com/gds1+AC0-19.crl,110686,2741,66,1678
http://crl.omniroot.com/SureServerG2.crl,84427,2710,71,1190
http://crl.godaddy.com/gds1+AC0-22.crl,109206,2700,98,1115
http://crl.godaddy.com/gds1+AC0-23.crl,106232,2628,86,1236
http://crl.godaddy.com/gds1+AC0-20.crl,106015,2627,74,1433
http://www.multicert.com/ca/multicert+AC0-ca+AC0-02.crl,96099,2585,25,3844
http://www.trustcenter.de/crl/v2/tcclass3.crl,113972,2555,1,113972
http://crl.netsolssl.com/NetworkSolutions+AF8-CA.crl,90319,2530,1712,53
http://EVSecure+AC0-crl.verisign.com/EVSecure2006.crl,87035,2472,1591,55
http://crl.ford.com/crl/Ford+ACU-20Motor+ACU-20Company+ACU-20+AC0AJQ-20Enterprise+ACU-20Issuing+ACU-20CA01.crl,74074,2471,9,8231
http://www.postsignum.cz/crl/pspublicca2.crl,88348,2388,5,17670
http://epscd2.catcert.net/crl/ec+AC0-urv.crl,115893,2343,1,115893
http://www.certificadodigital.com.br/repositorio/lcr/serasacdv2.crl,85428,2326,3,28476
http://pki.saic.com/SAIC+ACU-20Public+ACU-20Issuing+ACU-20CA+ACU-2001(2).crl,87095,2310,1,87095
http://crl.starfieldtech.com/sfs1+AC0-3.crl,92738,2290,111,836
http://ca.andrews.hu/andrews+AC0-crl.crl,45392,2144,1,45392
http://cert.managedpki.com/pkioverheid/crl/GetronicsCSPOrganisatieCAG2/LatestCRL.crl,78373,2106,20,3919
http://crls.ecce.gov.pt/crls/crl.crl,73623,2087,1,73623
http://crl.ca.ngs.ac.uk/crl/escience2b.crl,43249,2032,1,43249
http://crl.globalsign.net/ServerSign.crl,57430,1884,28,2052
http://crl.comodoca.com/COMODOSSLCA.crl,66514,1859,1890,36
http://crl.starfieldtech.com/sfs1+AC0-2.crl,74128,1831,62,1196
http://crl.entrust.net/level1b.crl,68812,1831,25,2753
http://crl.msan.hr/CertEnroll/M+ACU-20San+ACU-20Grupa+ACU-20Partner+ACU-20Certificate+ACU-20Authority(1).crl,52313,1768,1,52313
http://rootca.allianz.com/infraca/InfraCA3.crl,47878,1657,1,47878
http://crl.omniroot.com/SureServerEV.crl,51229,1634,3,17077
http://crl.comodoca.com/EssentialSSLCA.crl,57867,1616,2047,29
http://sureseries+AC0-crl.cybertrust.ne.jp/SureServer/ctjpubcag1/cdp.crl,106554,1575,155,688
http://crl.globalsign.net/DomainVal1.crl,46671,1539,234,200
http://sertifikati.ca.posta.rs/crl/PostaCA1.crl,58621,1539,3,19541
http://repo1.secomtrust.net/spcpp/pfw/pfwsr2ca/fullcrl.crl,40740,1491,300,136
http://crls.pki.state.gov/crls/DoSADPKIHACAsha256.crl,37724,1488,1,37724
http://crl3.digicert.com/ca3+AC0-g20.crl,72522,1470,484,150
http://crl.disa.mil/crl/DODCA+AF8-28.crl,31289,1463,1,31289
http://crl.usertrust.com/USERTrustLegacySecureServerCA.crl,51559,1438,406,127
http://icp+AC0-brasil.certisign.com.br/repositorio/lcr/ACCertisignMultiplaG5/LatestCRL.crl,51084,1438,1,51084
http://cdp.cryptopro.ru/ra/cdp/28DC53BCFB64816B9718FC823155CE932AC0CCE7.crl,59142,1416,1,59142
http://crl.godaddy.com/gds1+AC0-0.crl,53424,1415,82,652
http://cdp1.pca.dfn.de/deutscher+AC0-bundestag+AC0-ca/pub/crl/cacrl.crl,33381,1377,2,16691
http://SVRSecure+AC0-G2+AC0-crl.verisign.com/SVRSecureG2.crl,47885,1352,211,227
http://crl.netsolssl.com/NetworkSolutionsDVServerCA.crl,48062,1340,326,148
http://www.gstatic.com/GoogleInternetAuthority/GoogleInternetAuthority.crl,49692,1337,31,1603
http://crl.entrust.net/level1e.crl,59808,1332,194,309
http://ccd.serpro.gov.br/lcr/serproacfv3.crl,44219,1238,17,2602
http://crl.startssl.com/crt2+AC0-crl.crl,27452,1231,1025,27
http://SVRIntl+AC0-crl.verisign.com/SVRIntl.crl,41272,1168,162,255
http://crl.verisign.com/Class3InternationalServer.crl,41272,1168,23,1795
http://crl.comodoca.com/UTN+AC0-USERFirst+AC0-Hardware.crl,40345,1121,975,42
http://crls.services.cnrs.fr/CNRS2+AC0-Standard/getder.crl,23803,1115,1,23803
http://crl.godaddy.com/gds1+AC0-18.crl,43966,1081,55,800
http://crl.camerfirma.com/AC+AF8-CAMERFIRMA+AF8-AAPP.crl,43815,1038,4,10954
http://cert.managedpki.com/crl/KPNCorporateMarketCSPOrganisatieCAG2/LatestCRL.crl,40560,1018,12,3380
http://crl.godaddy.com/gds1+AC0-17.crl,40438,991,56,723
http://crl.godaddy.com/gds1+AC0-16.crl,40394,989,43,940
http://crl.starfieldtech.com/sfs1+AC0-4.crl,38451,941,50,770
http://crl.register.com/RegistercomSSLServicesCADV.crl,33751,938,120,282
http://crl.godaddy.com/gdig2s1+AC0-0.crl,38140,935,75,509
http://crl.startssl.com/crt1+AC0-crl.crl,20584,914,2002,11
http://cert.startcom.org/crt1+AC0-crl.crl,20562,913,5,4113
http://crl.globalsign.com/gs/gsorganizationvalcatg2.crl,33141,913,1,33141
http://crl3.digicert.com/ca3+AC0-g16.crl,44835,905,264,170
http://crl.godaddy.com/gds1+AC0-15.crl,36586,893,39,939
http://crl.thawte.com/ThawteEVCA2006.crl,31410,884,909,35
http://svr+AC0-sgc+AC0-crl.thawte.com/ThawteSGCG2.crl,31145,877,237,132
http://crl.godaddy.com/gds1+AC0-13.crl,35466,866,40,887
http://crl1.netlock.hu/index.cgi?crl+AD0-cbca,40787,857,22,1854
http://crl.omniroot.com/PublicSureServerSV.crl,27148,825,70,388
http://crl.godaddy.com/gds1+AC0-14.crl,33689,822,32,1053
http://crl.godaddy.com/gds1+AC0-10.crl,33394,813,47,711
http://crl.godaddy.com/gds1+AC0-12.crl,31365,764,40,785
http://crl.godaddy.com/gds1+AC0-8.crl,31178,755,41,761
http://crl.godaddy.com/gds1+AC0-11.crl,30511,743,33,925
http://icp+AC0-brasil.certisign.com.br/repositorio/lcr/ACCertisignMultiplaG3/LatestCRL.crl,26505,743,2,13253
http://sureseries+AC0-crl.cybertrust.ne.jp/SureServer/ctjpubcag2/cdp.crl,56583,739,278,204
http://crl3.digicert.com/ca3+AC0-g15.crl,35623,717,178,201
http://crl3.digicert.com/ca3+AC0-g17.crl,35476,714,217,164
http://crl.thawte.com/ThawteServerPremiumCA.crl,25297,711,219,116
http://crl.thawte.com/ThawtePremiumServerCA.crl,25297,711,50,506
http://crl.godaddy.com/gds1+AC0-7.crl,28428,693,29,981
http://crl3.digicert.com/ca3+AC0-g19.crl,34251,689,202,170
http://cdp1.pca.dfn.de/mpg+AC0-ca/pub/crl/cacrl.crl,16702,688,1,16702
http://crl.thawte.com/ThawteServerCA.crl,24412,686,206,119
http://crl.starfieldtech.com/sfs1+AC0-1.crl,28118,685,47,599
http://crl.godaddy.com/gds1+AC0-9.crl,28150,684,32,880
http://crl.globalsign.net/OrganizationVal1.crl,20984,683,188,112
http://crl.globalsign.com/gs/gsdomainvalg2.crl,25636,680,2597,10
http://crl3.digicert.com/ca3+AC0-2011g.crl,33565,675,145,232
http://crl.coop.ch/CoopSystemCA1.crl,27012,662,6,4502
http://crl.godaddy.com/gds2+AC0-1.crl,27307,660,55,497
http://eca.orc.com/CRLs/ORCECASW4.crl,24069,646,1,24069
http://crl.globalsign.com/gs/gsorganizationvalg2.crl,24162,640,2398,11
http://certificates.godaddy.com/repository/godaddyextendedissuing.crl,23653,636,53,447
http://crl.godaddy.com/gds1+AC0-6.crl,26010,631,40,651
http://crl3.digicert.com/ca3+AC0-2011f.crl,30919,621,136,228
http://experian.managed.entrust.com/CRLs/ExperianIssuingCA1.crl,23423,618,5,4685
http://crl.csctrustedsecure.com/TrustedSecureCertificateAuthority+AF8-3.crl,22270,614,209,107
http://crl3.digicert.com/ca3+AC0-g14.crl,30576,614,149,206
http://crl.alphassl.com/Alpha.crl,18682,608,127,148
http://pki.red.es/pub/crl/cacrl.crl,14398,606,1,14398
http://crl.quovadisglobal.com/qvocag2.crl,31104,602,5,6221
http://crl3.digicert.com/ca3+AC0-g13.crl,29939,601,153,196
http://crl2.alphassl.com/gs/gsalphag2.crl,21858,579,2657,9
http://crl.godaddy.com/gds1+AC0-5.crl,22627,548,28,809
http://crl3.digicert.com/ca3+AC0-g18.crl,27195,545,207,132
http://certificates.starfieldtech.com/repository/starfieldissuing.crl,20265,542,35,579
http://crl3.digicert.com/ca3+AC0-g1.crl,26362,528,132,200
http://crl3.digicert.com/ca3+AC0-g11.crl,25970,520,134,194
http://crl3.digicert.com/ca3+AC0-g2.crl,25823,517,100,259
http://crl3.digicert.com/ca3+AC0-g9.crl,25725,515,113,228
http://crl.ca.vodafone.com/crl/VodafoneCorporateServices2009.crl,27091,511,15,1807
http://crl.godaddy.com/gds2+AC0-0.crl,20793,501,51,408
http://crl.godaddy.com/gds1+AC0-2.crl,19221,492,16,1202
http://crl.comodoca.com/UTN+AC0-USERFirst+AC0-ClientAuthenticationandEmail.crl,17958,490,1,17958
http://cdp1.pca.dfn.de/dlr+AC0-ca/pub/crl/g+AF8-cacrl.crl,11953,489,1,11953
https://www.ncodesolutions.com/repository/ncode1116.crl,19953,481,3,6651
http://crl3.digicert.com/ca3+AC0-g10.crl,24010,480,105,229
http://pki.multicert.com/crl/crl+AF8-mca001.crl,19538,470,3,6513
http://crl.godaddy.com/gds1+AC0-3.crl,18326,467,19,965
http://crl.pki.wellsfargo.com/ext.crl,18063,460,7,2581
http://crl3.digicert.com/ca3+AC0-g4.crl,22932,458,82,280
http://crl.godaddy.com/gds1+AC0-1.crl,17732,458,24,739
http://crl.starfieldtech.com/sfs2+AC0-17.crl,19100,455,74,259
http://crl.globalsign.net/sureserver.crl,13962,450,2,6981
http://crl3.digicert.com/ca3+AC0-g3.crl,22393,447,84,267
http://repo1.secomtrust.net/sppca/nii/odca2/fullcrl.crl,12475,442,8,1560
http://crl.ix.tcclass3.tcuniversal+AC0-i.trustcenter.de/crl/v2/tc+AF8-class3+AF8-L1+AF8-CA+AF8-IX.crl,17346,441,3,5782
http://www.stampit.org/crl/stampit+AF8-qualified.crl,18110,441,1,18110
http://crl3.digicert.com/ca3+AC0-g12.crl,21805,435,100,219
http://level101.ipsca.com/crl/ipscalevel1.crl,23436,432,22,1066
http://crl3.digicert.com/ca3+AC0-g7.crl,21217,423,87,244
http://crl.godaddy.com/gds1+AC0-4.crl,16680,420,24,695
http://crl3.digicert.com/ca3+AC0-g5.crl,20923,417,80,262
http://crl.certum.pl/l2.crl,24149,408,270,90
http://crl.comodoca.com/ComodoHighAssuranceSecureServerCA.crl,14666,398,180,82
http://repositorio.icpbrasil.gov.br/lcr/CAIXA/ACCAIXAPJ/accaixapjv2.crl,16520,385,1,16520
http://crl.gandi.net/GandiStandardSSLCA.crl,14064,383,482,30
http://crl.starfieldtech.com/sfs1+AC0-0.crl,15644,381,28,559
http://cdp1.pca.dfn.de/hu+AC0-berlin+AC0-ca/pub/crl/cacrl.crl,9416,370,1,9416
http://proxy.fineid.fi/crl/vrkspc.crl,23227,367,2,11614
http://crl3.digicert.com/ca3+AC0-2011e.crl,18081,359,80,227
http://www.csp.uzi+AC0-register.nl/cdp/uzi+AC0-register+AF8-server+AF8-ca+AF8-g21.crl,23566,359,1,23566
http://crl.comodoca.com/COMODOExtendedValidationSecureServerCA.crl,13195,357,1315,11
http://crl3.digicert.com/ca3+AC0-g8.crl,17983,357,99,182
http://crl.certinomis.com/AC+AF8-1+AF8-ETOILE/crl/crl+AC0-2.crl,14045,357,3,4682
http://crl.cs.auscert.org.au/AusCERTServerCA.crl,13073,355,24,545
http://ca.dialtelecom.cz/dial.curr.crl,7864,353,1,7864
http://www.thaipki.com/crl/crlcatca.crl,13416,353,1,13416
http://crl.securetrust.com/XGCA.crl,8278,330,1,8278
http://crl3.digicert.com/evca1+AC0-g2.crl,16516,327,425,39
http://pilotonsitecrl.ace.es/BancoBilbaoVizcayaArgentariaSAT003BBVAAutoridaddeCertificacionDigital/LatestCRL.crl,11723,325,1,11723
http://SVRSecure+AC0-T1+AC0-crl.verisign.com/SVRSecureT1.crl,11909,324,14,851
http://crls.yandex.ru/YandexExternalCA/YandexExternalCA.crl,9949,322,4,2488
http://crl.serverpass.telesec.de/rl/TeleSec+AF8-ServerPass+AF8-CA+AF8-1.crl,13663,321,117,117
http://cdp1.pca.dfn.de/charite+AC0-ca/pub/crl/g+AF8-cacrl.crl,8050,321,1,8050
http://crl.certum.pl/l4.crl,18776,319,134,141
http://crl3.digicert.com/ca3+AC0-2010i.crl,15729,311,60,263
http://crl3.digicert.com/ca3+AC0-2010e.crl,15141,299,71,214
http://crl.starfieldtech.com/sfig2s1+AC0-0.crl,12016,282,21,573
http://crl3.digicert.com/ca3+AC0-g21.crl,13915,274,100,140
http://gca.nat.gov.tw/repository/GCA4/CRL/CRL+AF8-0001.crl,13953,271,9,1551
http://cdp1.pca.dfn.de/wwu+AC0-ca/pub/crl/g+AF8-cacrl.crl,6831,271,1,6831
http://crl3.digicert.com/ca3+AC0-2011d.crl,12985,255,68,191
http://crl3.digicert.com/ca3+AC0-g6.crl,12887,253,56,231
http://crl.dnbnor.no/class+AC0-g.crl,13775,251,2,6888
http://cdp1.pca.dfn.de/kit+AC0-ca/pub/crl/cacrl.crl,6480,250,4,1620
http://crl.pki.belgium.be/government2011.crl,8456,250,2,4228
http://www.trustcenter.de/crl/v2/tc+AF8-class3+AF8-L1+AF8-CA+AF8-V.crl,10388,243,1,10388
http://cdp1.pca.dfn.de/rhrk+AC0-ca/pub/crl/g+AF8-cacrl.crl,6141,240,1,6141
http://sslserver.twca.com.tw/sslserver/revoke11.crl,7087,238,50,142
http://crl3.digicert.com/ca3+AC0-2011c.crl,12005,235,34,354
http://SVR1024SecureG2+AC0-crl.verisign.com/SVR1024SecureG2.crl,8534,231,96,89
http://cdp1.pca.dfn.de/fu+AC0-ca/pub/crl/cacrl.crl,5929,230,1,5929
http://crl.certum.pl/l3.crl,13906,227,18,773
http://crl.camerfirma.com/cmfecs.crl,5425,226,7,775
http://crl3.digicert.com/ca3+AC0-2011b.crl,11417,223,45,254
http://crl3.digicert.com/ca3+AC0-2010f.crl,11270,220,30,376
http://sureseries+AC0-crl.cybertrust.ne.jp/SureServer/2018+AF8-ctj/cdp.crl,13769,218,4,3443
http://crl.register.com/RegistercomSSLServicesCAOV.crl,8033,213,54,149
http://crl.swisssign.net/D3446FD9FE7AFCDEAC1C7AA2210D64FA65B0D782,7598,213,14,543
http://crl.aetna.com/aetnaca.crl,6952,210,7,994
http://lcr.caixa.gov.br/accaixajusv2.crl,9286,208,9,1032
http://crl.disney.com/CRLs/DisneyIssuingCAc21.crl,8373,208,1,8373
http://crl.vodafone+AC0-pki.com/crl.v/VodafoneSecureSites.crl,6270,193,2,3135
http://crl.sbca.telesec.de/rl/Shared+AF8-Business+AF8-CA+AF8-3.crl,8309,193,1,8309
http://crl.starfieldtech.com/sfs2+AC0-0.crl,8400,192,13,647
http://crl.pki.belgium.be/government2010.crl,6226,191,6,1038
http://crl3.digicert.com/evca1+AC0-g1.crl,9607,186,114,85
http://crl3.digicert.com/ca3+AC0-g22.crl,9554,185,110,87
http://www.sk.ee/crls/klass3/klass3+AC0-2010.crl,12062,185,7,1724
http://crl3.digicert.com/ssca+AC0-g1.crl,9475,184,30,316
http://crl3.digicert.com/ca3+AC0-2010g.crl,9261,179,33,281
http://crl.ovh.net/OVHHighAssuranceSecureCA.crl,6704,175,10,671
http://crl.globalsign.net/ExtendVal1.crl,5600,170,10,560
http://crl3.digicert.com/ca3+AC0-2011a.crl,8575,165,37,232
http://crl.pki.wellsfargo.com/wsca00.crl,7517,164,2,3759
http://www.certificadodigital.com.br/repositorioglobal/lcr/SerasaACGlobal2008.crl,4920,164,1,4920
http://cdp1.pca.dfn.de/uni+AC0-paderborn+AC0-ca/pub/crl/cacrl.crl,4329,162,1,4329
http://crl.nestle.com/Nestle+ACU-20External+ACU-20CA(1).crl,6559,157,49,134
http://crl.swisssign.net/9776DE0A34E5109A40C4EBD89D5A537B21CC473E,5475,155,7,783
http://SVRSecure+AC0-oracle+AC0-crl.verisign.com/OracleCorporationUnified/SVR+AC0-Oracle.crl,7982,155,5,1597
http://pki.bayer.info/grouppki/externalserverca.crl,8838,154,4,2210
http://pam+AC0-ee.marseille+AC0-port.fr/PAM+AF8-PC1.crl,3632,152,1,3632
http://trustcenter+AC0-crl.certificat2.com/keynectis/class2keynectisca.crl,6535,150,17,385
http://cdp1.pca.dfn.de/tu+AC0-chemnitz+AC0-ca/pub/crl/cacrl.crl,4011,149,1,4011
http://crl.godaddy.com/gds3+AC0-54.crl,6580,147,46,144
http://crl.firmasicura.it/GlobalCA/CRL,4411,147,5,883
http://crl.godaddy.com/gds3+AC0-55.crl,6504,145,39,167
http://crl.e+AC0-trust.be/NCA+AF8-WSOS.crl,4890,141,9,544
http://crl.godaddy.com/gds3+AC0-53.crl,6259,139,35,179
http://crl.godaddy.com/gds3+AC0-43.crl,6263,139,18,348
http://crl.godaddy.com/gds3+AC0-61.crl,6223,138,32,195
http://cdp1.pca.dfn.de/gwdg+AC0-ca/pub/crl/cacrl.crl,3775,137,1,3775
http://svr+AC0-rapidssl+AC0-crl.rapidssl.com/RapidSSLEntCA.crl,5249,136,2,2625
http://crl.globessl.com/GlobeSSLDVCertificationAuthority.crl,5290,135,335,16
http://crl.starfieldtech.com/sfs3+AC0-25.crl,6148,135,38,162
http://crl.e+AC0-certchile.cl/e+AC0-certchileca.crl,5710,135,1,5710
http://cdp1.pca.dfn.de/tu+AC0-dresden+AC0-ca/pub/crl/g+AF8-cacrl.crl,3694,134,1,3694
http://crl.tbs+AC0-x509.com/TBSX509CAprohosting.crl,5309,133,8,664
http://crl3.digicert.com/ca3+AC0-2010h.crl,6958,132,45,155
http://crl.godaddy.com/gds3+AC0-67.crl,5978,132,33,182
http://crl.starfieldtech.com/sfs3+AC0-22.crl,6033,132,17,355
http://crl.godaddy.com/gds3+AC0-62.crl,5897,130,41,144
http://crl.godaddy.com/gds3+AC0-56.crl,5875,128,46,128
http://crl.starfieldtech.com/sfs3+AC0-24.crl,5846,128,22,266
http://crl.godaddy.com/gds3+AC0-58.crl,5784,127,47,124
http://crl.godaddy.com/gds3+AC0-63.crl,5783,127,43,135
http://crl.tbs+AC0-internet.com/TBSX509CAprohosting.crl,5095,127,8,637
http://crl.godaddy.com/gds3+AC0-59.crl,5743,126,32,180
http://crl.godaddy.com/gds3+AC0-65.crl,5764,126,32,181
http://crl.godaddy.com/gds3+AC0-57.crl,5702,125,35,163
http://certificates.godaddy.com/repository/godaddyextendedissuing2.crl,5257,125,8,658
http://crl.godaddy.com/gds3+AC0-60.crl,5663,124,29,196
http://crl.starfieldtech.com/sfs3+AC0-23.crl,5670,123,38,150
http://sescam.jccm.es/pki/crls/sescam+AF8-subca+AF8-59E216FA55FB61ADE001F22493C93DE57877E054.crl,6628,123,1,6628
http://crl.starfieldtech.com/sfs3+AC0-19.crl,5566,121,14,398
http://cdp1.pca.dfn.de/uh+AC0-ca/pub/crl/g+AF8-cacrl.crl,3284,120,1,3284
http://crl.godaddy.com/gds3+AC0-52.crl,5488,119,38,145
http://crl.godaddy.com/gds3+AC0-66.crl,5463,119,26,211
http://crl.godaddy.com/gds3+AC0-35.crl,5485,119,17,323
http://crl.godaddy.com/gds3+AC0-68.crl,5422,118,28,194
http://cdp1.com+AC0-strong+AC0-id.net/CDP/CT+AC0-PUBLIC+AC0-I+AC0-CA+AC0-1.crl,6674,117,5,1335
http://cdp1.pca.dfn.de/uni+AC0-bochum+AC0-ca/pub/crl/cacrl.crl,3323,117,1,3323
http://ca.intesasanpaolo.com/portalCais0/crl/caext.crl,4746,117,1,4746
http://crl.godaddy.com/gds3+AC0-51.crl,5330,115,24,223
http://crl.godaddy.com/gds3+AC0-42.crl,5303,115,17,312
http://crl.tbs+AC0-internet.com/TBSX509CAbusiness.crl,4629,114,44,106
http://crl.godaddy.com/gds3+AC0-38.crl,5261,114,17,310
http://public.wisekey.com/crl/wcidasca2.crl,4529,114,7,647
http://crl.godaddy.com/gds3+AC0-64.crl,5224,113,38,138
http://cdp1.pca.dfn.de/dfn+AC0-verein+AC0-gs+AC0-ca/pub/crl/g+AF8-cacrl.crl,3090,113,1,3090
http://crl.tbs+AC0-x509.com/TBSX509CAbusiness.crl,4557,112,44,104
http://crl.godaddy.com/gds3+AC0-37.crl,5170,111,19,273
http://crl.godaddy.com/gds3+AC0-36.crl,5130,110,15,342
http://cdp1.pca.dfn.de/uni+AC0-freiburg+AC0-ca/pub/crl/g+AF8-cacrl.crl,3113,110,1,3113
http://crl.godaddy.com/gds3+AC0-74.crl,5061,109,34,149
http://crl.godaddy.com/gds3+AC0-71.crl,5060,109,29,175
http://crl.godaddy.com/gds3+AC0-34.crl,5063,109,20,254
http://crl.godaddy.com/gds3+AC0-69.crl,4980,107,34,147
http://crl.thawte.com/ThawteSGCCA.crl,4025,107,29,139
http://crl.godaddy.com/gds3+AC0-40.crl,4941,106,28,177
http://www.psca.sk/crl.crl,2727,104,1,2727
http://crl.fraunhofer+AC0-pki.de/fhg+AC0-service+AC0-ca+AC0-2007.crl,5166,104,1,5166
http://crl.godaddy.com/gds3+AC0-47.crl,4825,103,19,254
http://crl.starfieldtech.com/sfs3+AC0-20.crl,4790,101,19,253
http://crl.godaddy.com/gds3+AC0-46.crl,4700,100,14,336
http://crl.godaddy.com/gds3+AC0-49.crl,4624,98,26,178
http://cdp1.pca.dfn.de/fh+AC0-gifb+AC0-ca/pub/crl/g+AF8-cacrl.crl,2784,98,1,2784
http://crl.godaddy.com/gds3+AC0-70.crl,4501,95,35,129
http://crl.godaddy.com/gds3+AC0-44.crl,4502,95,27,167
http://crl.godaddy.com/gds3+AC0-45.crl,4530,95,24,189
http://crl.sgssl.net/SGTRUSTCERTIFICATIONAUTHORITY.crl,3800,94,26,147
http://crl.godaddy.com/gds3+AC0-39.crl,4464,94,25,179
http://dellincca.dell.com/crl/externalissuingca1.crl,4431,94,4,1108
http://SVRIntl+AC0-T1+AC0-crl.verisign.com/SVRIntlT1.crl,3832,93,3,1278
http://crl.starfieldtech.com/sfs3+AC0-26.crl,4407,92,29,152
http://crl.omniroot.com/PublicSureServerEV.crl,3491,92,3,1164
http://ocsp.pki.bayern.de/crl/Bayerische+ACU-20SSL+AC0-CA+AC0-2012.crl,2485,92,1,2485
http://crl.netsolssl.com/NetworkSolutionsEVServerCA.crl,3665,90,171,22
http://crl.godaddy.com/gds3+AC0-41.crl,4298,90,21,205
http://pki+AC0-lcr.psoe.es/InternalCA.crl,3365,90,1,3365
http://pki.dowjones.com/crl/djsn.crl,2471,89,1,2471
http://crl.godaddy.com/gds3+AC0-72.crl,4222,88,32,132
http://www.cert.fnmt.es/crlsape/CRL47.crl,6015,88,1,6015
http://portal.actalis.it/Repository/AUTH+AC0-G2/getLastCRL,3766,87,4,942
http://ssignadcrl01.jcsinc.co.jp/repository/crl/sca1.crl,3524,87,1,3524
http://crl03.actalis.it/Repository/AUTH+AC0-G2/getLastCRL,3766,87,1,3766
http://rapidssl+AC0-crl.geotrust.com/crls/rapidssl.crl,2317,85,19397,1
http://crl.innossl.com/InnoSSLTrustSignDVCertificationAuthority.crl,3503,85,47,75
http://crl3.igc.education.fr/Infrastructures.crl,6097,84,4,1525
http://www.cert.fnmt.es/crlsacap/CRL6.crl,5862,84,1,5862
http://crl.godaddy.com/gds3+AC0-73.crl,3979,82,43,93
http://crl.godaddy.com/gds3+AC0-48.crl,3942,81,21,188
http://www.procert.net.ve/lcr/procertca.crl,3660,81,1,3660
http://crl.geotrust.com/crls/secureca.crl,2044,80,1618,2
http://crl.starfieldtech.com/sfs3+AC0-21.crl,3847,78,19,203
http://cdp1.pca.dfn.de/uni+AC0-marburg+AC0-ca/pub/crl/g+AF8-cacrl.crl,2350,78,1,2350
http://cdp1.pca.dfn.de/uni+AC0-hamburg+AC0-ca/pub/crl/g+AF8-cacrl.crl,2360,77,1,2360
http://www.cnnic.cn/download/crl/CRL2.crl,3541,76,1,3541
http://crl.godaddy.com/gds3+AC0-50.crl,3705,75,17,218
http://repositorio.icpbrasil.gov.br/lcr/serpro/serproacfv3.crl,3479,74,17,205
http://crl.infonotary.com/crl/domain+AC0-ca.crl,3407,74,1,3407
http://www.certificat.com/crl/ACCERTINOMISSSL.crl,3005,73,3,1002
http://ccd.serpro.gov.br/lcr/ACPRv3.crl,3427,73,2,1714
http://crl.comodoca.com/UTN+AC0-DATACorpSGC.crl,3064,71,22,140
http://crl.buypass.no/crl/BPClass2CA1.crl,2335,71,3,779
http://bacaboot.bibalex.org/CertEnroll/bacaboot.crl,2928,71,1,2928
http://crl.disney.com/CRLs/DisneyIssuingCAc82.crl,3318,71,1,3318
http://certificates.sacredheart.edu/CertEnroll/Sacred+ACU-20Heart+ACU-20University+ACU-20CA.crl,4062,71,1,4062
http://crl.crosstrust.net/sppca/xt/ovca1.crl,2732,70,34,81
http://cdp1.pca.dfn.de/hs+AC0-mittweida+AC0-ca/pub/crl/cacrl.crl,2151,69,1,2151
http://pki.getronicspinkroccade.nl/crl/PKIoverheid/OverheidEnBedrijvenCA/LatestCRL.crl,3083,68,2,1542
http://ca.kmutt.ac.th/crl.crl,2013,68,1,2013
http://sureseries+AC0-crl.cybertrust.ne.jp/SureServer/2021+AF8-ev/cdp.crl,5854,67,15,391
http://crl.godaddy.com/gds3+AC0-18.crl,3385,67,10,339
http://crl.izenpe.com/cgi+AC0-bin/crlinterna2,3208,67,2,1604
http://cdp1.pca.dfn.de/uni+AC0-potsdam+AC0-ca/pub/crl/cacrl.crl,2079,67,1,2079
http://crl.trustwave.com/STCA.crl,2324,66,2,1162
http://www.cert.fnmt.es/crlsacap/CRL71.crl,5690,66,1,5690
http://crl3.digicert.com/ca3+AC0-2010d.crl,3675,65,23,160
http://crl3.digicert.com/ev2009a.crl,3629,64,55,66
http://crls.wosign.com/server+AC0-3.crl,2093,64,30,70
http://www.turktrust.com.tr/sil/TURKTRUST+AF8-SSL+AF8-SIL+AF8-s2.crl,2934,63,27,109
http://crl.cnnic.cn/download/dqcrl/crl1.crl,3050,62,2,1525
http://icp+AC0-brasil.validcertificadora.com.br/ac+AC0-validbrasil/lcr+AC0-ac+AC0-validbrasilv2.crl,2541,62,1,2541
http://crl.certigna.fr/certignassl.crl,2004,61,1,2004
http://www.cert.fnmt.es/crlsape/CRL46.crl,4368,61,1,4368
http://depo.kamusm.gov.tr/ssl/CSHSIL.v3.crl,2278,59,12,190
http://www.certification.tn/crl+AF8-web.crl,2518,59,7,360
http://crl.globalsign.com/gs/gsextendvalg2.crl,2587,57,462,6
http://cdp1.pca.dfn.de/uni+AC0-stuttgart+AC0-ca/pub/crl/cacrl.crl,1860,57,1,1860
http://trust.gmcr.com/CertEnroll/GMCR+ACU-20Enterprise+ACU-20DA+ACU-20CA+ACU-202K8R2.crl,2404,57,1,2404
http://crl.camerfirma.com/cmfecs+AF8-v3.crl,3114,56,24,130
http://sslserver.twca.com.tw/sslserver/revoke10.crl,1710,55,9,190
http://sslserver.twca.com.tw/sslserver/cmdssl+AF8-revoke+AF8-2012.crl,2394,54,28,86
http://www.moca.wide.ad.jp/crl.crl,1794,54,1,1794
http://postecert.poste.it/postecomcs3/crl.crl,3237,53,6,540
http://certificates.starfieldtech.com/repository/starfieldextendedissuing4.crl,2636,53,1,2636
http://www.cert.fnmt.es/crlsacap/CRL26.crl,4715,53,1,4715
http://certificates.starfieldtech.com/repository/starfieldextendedissuing.crl,2564,51,6,428
http://crl.trustsign.com.br/TrustSignBRCertificationAuthorityOV.crl,2293,50,82,28
http://crl.certsign.ro/enterprise.crl,2653,50,2,1327
http://crl.e+AC0-szigno.hu/sslca.crl,2810,49,10,281
http://cdp1.pca.dfn.de/uni+AC0-lueneburg+AC0-ca/pub/crl/cacrl.crl,1721,49,1,1721
http://SVRSecure+AC0-crl.verisign.com/SVRSecure2005.crl,2192,48,53,42
http://crl.godaddy.com/gds3+AC0-75.crl,2623,48,29,91
http://EVSecure+AC0-T1+AC0-crl.verisign.com/EVSecureT1.crl,2256,48,6,376
http://cdp1.pca.dfn.de/classic+AC0-unitue+AC0-ca/pub/crl/g+AF8-cacrl.crl,1599,48,1,1599
http://crl.rsasecurity.com:80/RSACorporateServerCAv2.crl,3989,47,6,665
http://crlv1.pki.auth.gr/AuthNocCAR4/crlv1.der.crl,1644,47,1,1644
http://cdp1.pca.dfn.de/fernuni+AC0-hagen+AC0-ca/pub/crl/cacrl.crl,1701,47,1,1701
http://cdp1.pca.dfn.de/uni+AC0-osnabrueck+AC0-ca/pub/crl/cacrl.crl,1586,46,1,1586
http://repo1.secomtrust.net/sppca/servision/fullCRL.crl,1853,45,265,7
http://crl3.digicert.com/ssca+AC0-g2.crl,2615,44,17,154
http://pki.thalix.com/ca/crl.pem,2554,44,1,2554
http://cdp1.pca.dfn.de/deutscher+AC0-wetterdienst+AC0-ca/pub/crl/cacrl.crl,1549,43,1,1549
http://crl.helsana.ch/crl/helsanasica01.crl,2535,43,1,2535
http://crl1.netlock.hu/index.cgi?crl+AD0-ccca,2483,42,38,66
http://cdp1.pca.dfn.de/dkrz+AC0-ca/pub/crl/g+AF8-cacrl.crl,1422,41,1,1422
http://cdp1.pca.dfn.de/uni+AC0-des+AC0-saarlandes+AC0-ca/pub/crl/cacrl.crl,1513,41,1,1513
http://postecert.poste.it/postecomcs2/crl.crl,2208,41,1,2208
http://www.kimtec.rs/CertEnroll/Kimtec+ACU-20Partner+ACU-20Certificate+ACU-20Authority.crl,2272,41,1,2272
http://cdp1.public+AC0-trust.com/CRL/Omniroot2025.crl,1393,40,15,93
http://crl.digi+AC0-sign.com/DigiSignCADigiSSLXp.crl,1998,40,13,154
http://EVIntl+AC0-T1+AC0-crl.verisign.com/EVIntlT1.crl,1980,40,6,330
http://cdp1.pca.dfn.de/uni+AC0-konstanz+AC0-server+AC0-ca/pub/crl/cacrl.crl,1401,40,1,1401
http://cdp1.pca.dfn.de/unilei+AC0-ca/pub/crl/cacrl.crl,1435,40,1,1435
http://crl.certum.pl/l1.crl,2599,39,1,2599
http://cdp1.pca.dfn.de/zivit+AC0-ca/pub/crl/cacrl.crl,1428,38,4,357
http://www.ccwp.wrotapodlasia.pl/crl/netca.crl,1374,38,1,1374
http://gtssl+AC0-crl.geotrust.com/crls/gtssl.crl,1267,37,2912,1
http://cdp1.pca.dfn.de/uni+AC0-oldenburg+AC0-ca/pub/crl/cacrl.crl,1428,37,1,1428
http://cdp1.pca.dfn.de/tu+AC0-braunschweig+AC0-ca/pub/crl/cacrl.crl,1385,36,1,1385
http://crl.disney.com/CRLs/DisneyIssuingCAc28.crl,2023,36,1,2023
http://crl.identrust.com/trustid/trustidcaa5.crl,2264,36,1,2264
http://crl.startssl.com/crt4+AC0-crl.crl,1179,34,78,16
http://keyserver.dpwn.net/pki/I2/dpwn+AF8-ssl+AF8-i2+AF8-ps.crl,1500,34,12,125
http://cert.wmtransfer.com/CertEnroll/WebMoney+ACU-20Transfer+ACU-20Root+ACU-20CA.crl,2391,33,11,218
http://certificates.starfieldtech.com/repository/starfieldextendedissuing3.crl,1916,33,5,384
http://ca.optim.com.ru/ca2048.crl,1177,33,1,1177
http://cdp1.pca.dfn.de/dkfz+AC0-ca/pub/crl/cacrl.crl,1330,33,1,1330
http://crl.entrust.net/server1.crl,1717,32,19,91
http://crl.identrust.com/trustid/trustidcaa51.crl,2002,32,2,1001
http://cdp1.pca.dfn.de/fraunhofer+AC0-ca/pub/crl/cacrl.crl,1365,32,1,1365
http://crl.ersca.com/crl/serverca.crl?sn+AD0-44,1569,32,1,1569
http://cdp1.pca.dfn.de/dfn+AC0-ca+AC0-global/pub/crl/cacrl.crl,1201,31,2,601
http://cdp1.pca.dfn.de/uniwue+AC0-ca/pub/crl/cacrl.crl,1185,31,1,1185
http://crl.ca.vodafone.com/crl/VodafoneCorporateServices2009(1).crl,2119,31,1,2119
http://crl1.netlock.hu/index.cgi?crl+AD0-uzleti,1653,30,15,111
http://crl.sgssl.net/SGTRUSTSGCCERTIFICATIONAUTHORITY.crl,1529,30,12,128
http://ch.siemens.com/pki?ZZZZZZV9.crl,1245,30,4,312
http://portal.actalis.it/Repository/SERVER/getCRL,2229,30,4,558
http://pki.arbitr.ru/public/sccrfca.crl,2599,29,1,2599
http://repo1.secomtrust.net/spcpp/pfw/pfwca/fullcrl2.crl,2492,28,35,72
http://cdp1.pca.dfn.de/eso+AC0-ca/pub/crl/g+AF8-cacrl.crl,1166,28,4,292
http://gtssl2+AC0-crl.geotrust.com/gtssl2.crl,1436,28,1,1436
http://crl.certum.pl/evca.crl,2050,27,19,108
http://crl.verisign.com/pca3+AC0-g2.crl,1310,26,3,437
http://cdp1.pca.dfn.de/uni+AC0-kiel+AC0-ca/pub/crl/g+AF8-cacrl.crl,1112,25,1,1112
http://www.cnnic.cn/download/crl/CRL3.crl,1462,25,1,1462
http://pki.ms.gov.pl/repozytorium/Ministerstwo+ACU-20Sprawiedliwosci+ACU-20External+ACU-20Issuing+ACU-20CA10.crl,1806,25,1,1806
http://crl.camerfirma.com/camerfirma+AF8-cserver+AC0-2009.crl,2061,25,1,2061
http://www.public+AC0-trust.com/cgi+AC0-bin/CRL/2018/cdp.crl,909,24,43,22
http://crl.ssl.com/SSLcomFreeSSLCA.crl,1303,24,20,66
http://crl.swisssign.net/8874466DC77CB5FA727119DEBF275E0D68E0F727,1239,24,11,113
http://crl.disa.mil/getcrl?DoD+ACU-20Root+ACU-20CA+ACU-202,1269,24,1,1269
http://igc.application.developpement+AC0-durable.gouv.fr/AC+AF8-Serveurs/crl/crl+AC0-2.crl,1499,24,1,1499
http://crl.europeanssl.eu/EuropeanSSLServerCA.crl,1271,23,71,18
http://repo1.secomtrust.net/spcpp/pfw/pfwevca/fullcrl.crl,1607,23,13,124
http://www.idc.cz/ca/index.php?stage+AD0-dl+AF8-crl,1242,23,2,621
http://crl.usertrust.com/USERTrustSecureServerCA.crl,1293,22,114,12
http://cdp1.pca.dfn.de/desy+AC0-ca/pub/crl/g+AF8-cacrl.crl,1001,22,1,1001
http://repository.publicca.hinet.net/crl/100+AC0-1/complete.crl,1639,22,1,1639
http://crl.ovh.net/OVHLowAssuranceSecureCA.crl,1200,20,32,38
http://crl.trendmicro.com/crl/trendmicroca.crl,992,20,11,91
http://crls.wosign.com/server+AC0-1.crl,949,20,5,190
http://crl.buypass.no/crl/BPClass3CA2.crl,1019,20,2,510
http://crl.certyfikatyssl.pl/DOMENYPLDVCertificationAuthority.crl,1195,19,90,14
http://www.einspki.jp/repository/EINSPKI2010.crl,1747,19,4,437
http://cdp1.pca.dfn.de/dioezese+AC0-rottenburg+AC0-stuttgart+AC0-ca/pub/crl/cacrl.crl,919,19,1,919
http://crl.e+AC0-tugra.com/e+AC0-tugra+AF8-asm+AF8-ssl.crl,1072,19,1,1072
http://pki.automobiletechnologies.com/AMTInc+AF8-PICA.crl,1398,19,1,1398
http://sil.e+AC0-guven.com/ElektronikBilgiGuvenligiASRoot/LatestCRL.crl,1714,19,1,1714
http://scrldp1.ica.cz/sica08.crl,884,18,6,148
http://crl.marketware.eu/MarketWareServerCA.crl,1126,18,3,376
http://trustcenter+AC0-crl.certificat2.com/keynectis/class2keynectisevca.crl,1175,18,3,392
http://crl.quovadisglobal.com/qvrca.crl,1377,18,1,1377
http://www.trustis.com/pki/healthcare/crl/tt+AC0-ee.crl,1642,18,1,1642
http://crl.verisign.com/pca3.crl,898,17,15,60
http://um+AC0-apis+AC0-tmp.dir+AC0-um.uni+AC0-mb.si/CertEnroll/NEW+AC0-SUB+AC0-ST+AC0-ROOT+AC0-DIR+AC0-UNI(3).crl,1598,17,1,1598
http://EVSSL+AC0-crl.geotrust.com/crls/gtextvalca.crl,805,16,1590,1
http://cdp1.pca.dfn.de/fh+AC0-weihenstephan+AC0-ca/pub/crl/cacrl.crl,865,16,1,865
http://cdp1.pca.dfn.de/stiftung+AC0-preussischer+AC0-kulturbesitz+AC0-ca/pub/crl/cacrl.crl,905,16,1,905
http://crl.vi.ru/VI+AC0-CA+AC0-01.crl,1290,16,1,1290
http://crl.certifikat.dk/SSLServer.crl,998,15,17,59
http://crl.tbs+AC0-internet.com/TBSX509CASGC.crl,1117,15,5,224
http://crl.tbs+AC0-x509.com/TBSX509CASGC.crl,1117,15,5,224
http://crl.izenpe.com/cgi+AC0-bin/crlsslev2,1355,15,3,452
http://crlv1.harica.gr/HaricaRootCA2006/crlv1.der.crl,845,15,2,423
http://mdp+AC0-ca.apps.paris.fr/mdp+AC0-certificats/crl/mdprootCA/mdprootCA+AC0-crl.crl,779,15,1,779
http://certificates.starfieldtech.com/repository/starfieldissuing1.crl,1241,15,1,1241
http://crl.securebusinessservices.com/SecureBusinessServicesCA+AF8-2.crl,977,14,32,31
http://repo1.secomtrust.net/sppca/kagoya/fullcrl.crl,1036,14,20,52
http://crl1.netlock.hu/index.cgi?crl+AD0-olsslca1,936,14,14,67
http://crl.startssl.com/crt3+AC0-crl.crl,770,14,12,65
http://crl.globaltrust.it/GlobalTrustServerCA.crl,969,14,4,243
http://pki.digidentity.eu/L4/services/latestCRL.crl,980,14,1,980
http://cdp1.ssp+AC0-strong+AC0-id.net/CDP/SSP+AC0-CA+AC0-A1.crl,1016,14,1,1016
http://crl.cnca.pl/crl/cnca+AF8-level+AF8-1.crl,1204,14,1,1204
http://crl.comodoca.com/OptimumSSLCA.crl,953,13,29,33
http://crl.wosign.com/WoSignPremiumServer.crl,927,13,4,232
http://crl.certigna.fr/certignasslpris.crl,949,13,2,475
http://crl3.digicert.com/ca3+AC0-2010c.crl,1127,13,2,564
http://crl.godaddy.com/gdig2s2+AC0-0.crl,1263,13,2,632
http://www.dhimyotis.com/crl/certigna.crl,768,13,1,768
http://crl.certigna.fr/certigna.crl,768,13,1,768
http://www.cnnic.cn/download/crl/CRL6.crl,1014,13,1,1014
http://www.startssl.com/sfsca.crl,955,12,15,64
http://www.ipsca.com/ipsca2002/ipsca2002CLASEA1.crl,745,12,8,94
http://hosting.parking.ru/CertEnroll/ParkingWebCA(6).crl,1035,12,2,518
http://crlglobal01.ipsca.com/crl/crlglobal01.crl,1141,12,2,571
http://cdp1.pca.dfn.de/fiz+AC0-chemie+AC0-ca/pub/crl/g+AF8-cacrl.crl,746,12,1,746
http://cdp1.pca.dfn.de/haw+AC0-hamburg+AC0-ca/pub/crl/g+AF8-cacrl.crl,750,12,1,750
http://cdp1.pca.dfn.de/bayerische+AC0-staatsbibliothek+AC0-bsb+AC0-ca/pub/crl/cacrl.crl,813,12,1,813
http://cdp1.pca.dfn.de/global+AC0-root+AC0-ca/pub/crl/cacrl.crl,697,11,54,13
http://crl.godaddy.com/gdig2s3+AC0-0.crl,1177,11,7,169
http://crl.starfieldtech.com/sfs3+AC0-3.crl,1167,11,2,584
http://gtssldv+AC0-crl.geotrust.com/crls/gtssldv.crl,704,10,8132,1
http://crl.usertrust.com/CrazyDomainsDVCertificationAuthority.crl,871,10,19,46
http://crl.entrust.net/2048ca.crl,939,10,11,86
http://comtrust.etisalat.ae/crl/serverca.crl,965,10,8,121
http://www.intermedia.net/CA/Intermedia.crl,950,10,2,475
http://crls.ecee.gov.pt/crls/ARL.crl,1179,10,2,590
http://ca.triada.bg/triada.crl,541,10,1,541
http://cdp1.pca.dfn.de/fh+AC0-braunschweig+AC0-wolfenbuettel+AC0-ca/pub/crl/cacrl.crl,783,10,1,783
http://www.preuve+AC0-electronique.org/ListeRevocations/realtech2015.crl,815,10,1,815
http://crl.II.tcclass4.cybertrust.trustcenter.de/crl/v2/tc+AF8-class4+AF8-EV+AF8-CA+AF8-II.crl,924,10,1,924
http://crl3.digicert.com/Global2048+AC0-2008b.crl,928,9,2,464
http://certificates.starfieldtech.com/repository/starfieldextendedissuing2.crl,1052,9,1,1052
http://crl.globessl.com/GlobeSSLOVCertificationAuthority.crl,782,8,8,98
http://http.fpki.gov/fcpca/fcpca.crl,743,8,3,248
http://www.turktrust.com.tr/sil/TURKTRUST+AF8-SSL+AF8-SIL+AF8-s3.crl,903,8,3,301
http://crl.e+AC0-tugra.com/e+AC0-tugra+AF8-ssl+AF8-ov.crl,748,8,2,374
http://telstra+AC0-crl.pki.telstra.com.au/Telstra+ACU-20RSS+ACU-20Policy+ACU-20CA.crl,1069,8,2,535
http://zebraca.360banma.com/CertEnroll/zebraca.crl,784,8,1,784
http://www.sk.ee/juur/crl/,788,8,1,788
http://ca.pks.rs/CRL/PKSCAClass2.crl,803,8,1,803
http://crl.starfieldtech.com/sfig2s3+AC0-0.crl,1087,8,1,1087
http://pki.espiv.net/index.php?stage+AD0-dl+AF8-crl,1206,8,1,1206
http://www.microlink.ee/CertEnroll/MicroLink+ACU-20Eesti+ACU-20AS+ACU-20CA.crl,1280,8,1,1280
http://www.cert.fnmt.es/crls+AF8-ISAca/CRL4.crl,1507,8,1,1507
http://crl.geotrust.com/crls/gtglobal.crl,554,7,8,70
http://crl.globalsign.net/RootSignPartners.crl,709,7,4,178
http://ca.unicredit.eu/CRL/extca.crl,804,7,2,402
http://www.phhmortgage.com/pki/Mortgage+AF8-and+AF8-Settlement+AF8-Service+AF8-Trust+AF8-CA.crl,968,7,2,484
http://ca.pxpgroup.com/crl/PXPServerCA.crl,631,7,1,631
http://cdp1.pca.dfn.de/hfwu+AC0-nuertingen+AC0-geislingen+AC0-ca/pub/crl/cacrl.crl,640,7,1,640
http://cdp1.pca.dfn.de/fh+AC0-luebeck+AC0-ca/pub/crl/cacrl.crl,723,7,1,723
http://ra.fudan.edu.cn/pki/pub/crl/cacrl.crl,905,7,1,905
http://www.opencom.pl/ca/ca.crl,986,7,1,986
http://crl.siteblindadocerts.com/SSLBlindado.crl,731,6,54,14
http://crl.cspssl.jp/CSPSSLServiceCA+AF8-2.crl,686,6,4,172
http://www.correo.com.uy/CorreoCert/anc.crl,1123,6,4,281
http://www.b+AC0-trust.org/repository/ca5aes/crl/b+AC0-trust+AF8-ca5aes+AF8-oper.crl,1236,6,3,412
http://crl.geotrust.com/crls/ebizca1.crl,407,6,2,204
http://ca.web4ce.cz/index.php?stage+AD0-dl+AF8-crl,1209,6,2,605
http://cdp1.pca.dfn.de/fh+AC0-wuerzburg+AC0-schweinfurt+AC0-ca/pub/crl/cacrl.crl,645,6,1,645
http://cdp1.pca.dfn.de/diw+AC0-berlin+AC0-ca/pub/crl/cacrl.crl,655,6,1,655
http://crl.icewarp.com/IceWarpDomainValidationCertificationAuthority.crl,713,6,1,713
http://crls.pki.state.gov/crls/DoSADPKIRootCA.crl,731,6,1,731
http://dellincca.dell.com/crl/Dell+ACU-20Inc.+ACU-20Enterprise+ACU-20CA.crl,747,6,1,747
http://www.trustis.com/pki/coventry/crl/ee.crl,857,6,1,857
http://pki.swatchgroup.com/cert/Swatch+ACU-20Group+ACU-20Issuing+ACU-20CA(2).crl,895,6,1,895
http://crl+AC0-3.trust.teliasonera.com/teliasoneraservercav1.crl,1155,6,1,1155
http://pki.eflservice.pl/Subordinate+ACU-20EFL+ACU-20Service+ACU-20Certificate+ACU-20Authority.crl,1385,6,1,1385
http://crl.usertrust.com/USERTrustHigh+AC0-AssuranceSecureServerCA.crl,707,5,37,20
http://crl.gandi.net/GandiProSSLCA.crl,624,5,21,30
http://SVRTrial+AC0-G2+AC0-crl.verisign.com/SVRTrialG2.crl,766,5,17,46
http://www.parssignca.ir/class1/PS+AF8-CAL1.crl,670,5,13,52
http://crl.mocca.ir/repository/BronzeSSLcrl.crl,630,5,10,63
http://crl.comodoca.com/COMODOSSLCA2.crl,679,5,8,85
http://crl.certum.pl/shoper.crl,726,5,3,242
http://crl.quovadisglobal.com/qvrca3.crl,1020,5,2,510
http://cdp2.pca.dfn.de/mitteldeutscher+AC0-rundfunk+AC0-ca/pub/crl/cacrl.crl,535,5,1,535
http://cdp1.pca.dfn.de/hs+AC0-zittau+AC0-goerlitz+AC0-ca/pub/crl/cacrl.crl,572,5,1,572
http://crlv1.harica.gr/HaricaTeiSerresCAR2/crlv1.der.crl,630,5,1,630
http://fedir.comsign.co.il/crl/ServerCA.crl,639,5,1,639
http://cdp1.pca.dfn.de/uni+AC0-duesseldorf+AC0-ca/pub/crl/cacrl.crl,671,5,1,671
http://crl.pki.wellsfargo.com/wsprca.crl,739,5,1,739
http://crl.webspace+AC0-forum.de/WebSpaceForumServerCA.crl,615,4,21,30
http://crl1.netlock.hu/index.cgi?crl+AD0-expressz,536,4,16,34
http://repositorio.icpbrasil.gov.br/lcr/CAIXA/ACCAIXAJUS/accaixajusv2.crl,922,4,9,103
http://www.rsasecurity.com/products/keon/repository/certificate+AF8-status/RSA+AF8-Security+AF8-2048+AF8-v3.CRL,735,4,6,123
http://crl.wosign.com/WoSignServer.crl,599,4,4,150
http://crl.comodoca.com/COMODOExtendedValidationSecureServerCA2.crl,676,4,4,169
http://www.aegee.org/aegee+AC0-ca.crl,554,4,2,277
http://crl.wosign.com/WoSignSGCServer.crl,605,4,2,303
http://crl1.netlock.hu/index.cgi?raw+ACY-crl+AD0-expressz,536,4,1,536
http://crlv1.pki.auth.gr/AuthCentralCAR2/crlv1.der.crl,588,4,1,588
http://ccdhom.serpro.gov.br/lcr/serproacfv2.crl,628,4,1,628
http://crl.sslgenie.com/FlashSSLGenie.crl,652,4,1,652
http://sertifikati.ca.posta.rs/crl/PostaCARoot.crl,709,4,1,709
http://www.cadence.com/cadencepki/crls/cdntrust/Cadence+ACU-20Internet+ACU-20Authority.crl,808,4,1,808
http://cert.alp.ru/cert/ALP+ACU-20Group+ACU-20Subordinate+ACU-20Certification+ACU-20Authority+ACU-20+ACE-00282012+ACE-0029.crl,948,4,1,948
http://crl.trustwave.com/OVCA+AF8-L2.crl,756,3,559,2
http://crl.ssl.ru/RBCHCHighAssuranceServicesCA.crl,580,3,68,9
http://crl.certum.pl/netartca.crl,633,3,11,58
http://repository.secomtrust.net/SC+AC0-Root1/SCRoot1CRL.crl,521,3,10,53
http://acraiz.icpbrasil.gov.br/LCRacraizv2.crl,853,3,9,95
http://epscd2.catcert.net/crl/ec+AC0-acc.crl,1155,3,3,385
http://www.cnnic.cn/download/rootcrl/CRL1.crl,496,3,2,248
http://public.wisekey.com/crl/wcidag1ca.crl,688,3,2,344
http://www.disig.sk/subcar0i1/crl/subcar0i1.crl,695,3,2,348
http://ssl.ashmanov.com/aap+AC0-cav2.crl,723,3,2,362
http://ccdhom.serpro.gov.br/lcr/acintermediaria.crl,532,3,1,532
http://ccncertsvr.ccnexchange.com/CertEnroll/CCN+AF8-CA(5).crl,648,3,1,648
http://pki.telesec.de/cgi+AC0-bin/service/af+AF8-DownloadARL.crl?+AC0-crl+AF8-format+AD0-X+AF8-509+ACYALQ-issuer+AD0-DT+AF8-ROOT+AF8-CA+AF8-2,706,3,1,706
http://subca.bog.ge/CertEnroll/Bank+ACU-20of+ACU-20Georgia+ACU-20Enterprise+ACU-20Sub+ACU-20CA.crl,730,3,1,730
http://ca.anan.cc/CertEnroll/ca.anan.cc.crl,780,3,1,780
http://crl.quovadisglobal.com/qvrca2.crl,933,3,1,933
http://pki2.shearings.com/Shearings+AC0-Group+ACU-20CA2(3).crl,982,3,1,982
http://crl.comodoca.com/AAACertificateServices+AF8-2.crl,580,2,9,65
http://crl.europeanssl.eu/EuropeanSSLHighAssuranceServerCA.crl,540,2,5,108
http://crl.entrust.net/rootca1.crl,637,2,4,160
http://crl.digi+AC0-sign.com/DigiSignCADigiSSLXs.crl,644,2,4,161
http://acraiz.icpbrasil.gov.br/LCRacraizv1.crl,577,2,3,193
http://repo1.secomtrust.net/sppca/freebit/ov/fullcrl.crl,514,2,2,257
http://crl.msan.hr/CertEnroll/M+ACU-20San+ACU-20Grupa+ACU-20Root+ACU-20Certificate+ACU-20Authority(5).crl,1133,2,2,567
http://ldap2.sheca.com/CA11/RA9020100/CRL197.crl,308,2,1,308
http://ldap2.sheca.com/CA11/RA9020100/CRL505.crl,308,2,1,308
http://EVSecure+AC0-crl.geotrust.com/GeoTrustPCA.crl,490,2,1,490
http://crl.cfca.com.cn/evoca/RSA/crl1.crl,509,2,1,509
http://crl.pkioverheid.nl/DomOvLatestCRL.crl,514,2,1,514
http://crl.aol.com/AOL/MasterCRL.crl,536,2,1,536
http://crl3.digicert.com/ssca+AC0-sha2+AC0-g1.crl,560,2,1,560
http://crl.comodoca.com/AAACertificateServices.crl,580,2,1,580
http://experian.managed.entrust.com/CRLs/ExperianRootCA.crl,595,2,1,595
http://crl1.netlock.hu/index.cgi?crl+AD0-olsslgca,607,2,1,607
http://keyserver.dpwn.net/pki/R2/dpwn+AF8-root+AF8-ca+AF8-r2+AF8-ps.crl,611,2,1,611
http://ca.govirk.ru/govirk+AC0-HS03VS+AC0-CA.crl,685,2,1,685
http://pki.digidentity.eu/L4/organisatie/latestCRL.crl,730,2,1,730
http://ca.naifl.ru/CertEnrol/ROOT+ACU-20CA.crl,764,2,1,764
http://crl.entrust.net/level1a.crl,770,2,1,770
http://crl.certinomis.com/AC+AF8-Racine/crl/crl+AC0-1.crl,779,2,1,779
http://icp+AC0-brasil.validcertificadora.com.br/ac+AC0-valid/lcr+AC0-ac+AC0-validv2.crl,787,2,1,787
http://pki.eflservice.pl/Primary+ACU-20EFL+ACU-20Service+ACU-20Certificate+ACU-20Authority.crl,1084,2,1,1084
http://crl.paysdelaloire.fr/crld/paysdelaloire+AC0-SRV+AC0-NET+AC0-PKI+AC0-01+AC0-CA.crl,1166,2,1,1166
http://crl.trustwave.com/DVCA+AF8-L1.crl,680,1,96,8
http://crl.siteblindadocerts.com/SSLBlindadoEV.crl,623,1,16,39
http://crl.omniroot.com/ctglobal.crl,440,1,5,88
http://crl.globessl.com/GLOBESSLDomainValidatedCA.crl,522,1,5,105
http://crl.trust+AC0-provider.com/KSoftwareCertificateAuthorityDV.crl,533,1,5,107
http://crl.pkioverheid.nl/DomOrganisatieLatestCRL+AC0-G2.crl,741,1,5,149
http://crl3.digicert.com/DigiCertGlobalCA+AC0-2009b.crl,526,1,4,132
http://crl3.digicert.com/ca3+AC0-2009g.crl,536,1,4,134
http://crl3.digicert.com/ca3+AC0-2010b.crl,536,1,4,134
http://crl3.digicert.com/ca3+AC0-2010a.crl,536,1,4,134
http://crl3.digicert.com/DigiCertHighAssuranceEVRootCA.crl,542,1,4,136
http://crl.certyfikatyssl.pl/DOMENYPLOVCertificationAuthority.crl,550,1,4,138
http://crl.starfieldtech.com/sfs3+AC0-27.crl,765,1,4,192
http://crl.csctrustedsecure.com/TrustedSecureCertificateAuthority.crl,527,1,3,176
http://crls.wosign.com/ca.crl,712,1,3,238
http://crl.godaddy.com/gds3+AC0-16.crl,743,1,3,248
http://www.kkb.kz/certroot/kkbca.crl,479,1,2,240
http://crl3.digicert.com/DigiCertGlobalCA+AC0-2008h.crl,526,1,2,263
http://crl3.digicert.com/DigiCertGlobalRootCA.crl,530,1,2,265
http://crl.certsign.ro/root.crl,557,1,2,279
http://acraiz.icpbrasil.gov.br/LCRacraiz.crl,586,1,2,293
http://www.receita.fazenda.gov.br/acrfb/acrfbv3.crl,820,1,2,410
http://pki.krka.biz/Krka+ACU-20Enterprise+ACU-20CA+ACU-201(1).crl,1066,1,2,533
http://ldap2.sheca.com/CA12/RA9020100/CRL505.crl,418,1,1,418
http://crl.ca.ngs.ac.uk/crl/root+AC0-crl.der,437,1,1,437
http://ccd.serpro.gov.br/lcr/acserprov2.crl,483,1,1,483
http://crl.eurida.com/crl/euridaprimary.crl,496,1,1,496
http://crl.disa.mil/crl/ECAROOTCA2.crl,496,1,1,496
http://pki.krka.biz/Krka+ACU-20Root+ACU-20CA.crl,498,1,1,498
http://trustcenter+AC0-crl.certificat2.com/RGS/SSL1e.crl,508,1,1,508
http://cert.alp.ru/cert/ALP+ACU-20Group+ACU-20Root+ACU-20Certificate+ACU-20Authority.crl,508,1,1,508
http://cdp1.com+AC0-strong+AC0-id.net/CDP/anthemssl+AC0-ca.crl,511,1,1,511
http://crl3.digicert.com/DigiCertGlobalCA.crl,526,1,1,526
http://crl3.digicert.com/DigiCertGlobalCA+AC0-2008e.crl,526,1,1,526
http://crl3.digicert.com/DigiCertGlobalCA+AC0-2007d.crl,526,1,1,526
http://crl3.digicert.com/DigiCertGlobalCA+AC0-2008k.crl,526,1,1,526
http://crl3.digicert.com/DigiCertGlobalCA+AC0-2009g.crl,526,1,1,526
http://crl3.digicert.com/DigiCertGlobalCA+AC0-2008i.crl,526,1,1,526
http://crl3.digicert.com/DigiCertGlobalCA+AC0-2008f.crl,526,1,1,526
http://crl3.digicert.com/DigiCertGlobalCA+AC0-2007b.crl,526,1,1,526
http://crl3.digicert.com/DigiCertGlobalCA+AC0-2008a.crl,526,1,1,526
http://crl3.digicert.com/ca3+AC0-2009f.crl,536,1,1,536
http://crl3.digicert.com/ca3+AC0-2009e.crl,536,1,1,536
http://crl3.digicert.com/ca3+AC0-2009a.crl,536,1,1,536
http://crl3.igc.education.fr/igca.crl,542,1,1,542
http://igc.application.developpement+AC0-durable.gouv.fr/igca.crl,542,1,1,542
http://crl.tcclass2+AC0-ii.trustcenter.de/crl/v2/tc+AF8-class+AF8-2+AF8-ca+AF8-II.crl,552,1,1,552
http://crl1.netlock.hu/index.cgi?crl+AD0-kozjegyzoi,555,1,1,555
http://crl.trustsign.com.br/TrustSignBRCertificationAuthorityDV.crl,555,1,1,555
http://ccd.serpro.gov.br/lcr/acserpro.crl,566,1,1,566
http://pks.experian.com/crl/primaryca.crl,590,1,1,590
http://ica+AC0-public.itrus.com.cn/cgi+AC0-bin/itruscrl.pl?CA+AD0-010D425BBDD50E3B2677EF4C64014F01,592,1,1,592
http://ca.intevation.org/crls/server+AC0-ca+AC0-2010.crl,672,1,1,672
http://crl.startssl.com/ca+AC0-g2.crl,691,1,1,691
http://cert.ctrl.com.cn/CertEnroll/WIN+AC0-NBV6RGTRU2M+AC0-CA.crl,708,1,1,708
http://www.kamusm.gov.tr/BilgiDeposu/KOKSIL.v3.crl,721,1,1,721
http://ca.autistici.org/ca.crl,747,1,1,747
http://grca.nat.gov.tw/repository/CRL/CA.crl,756,1,1,756
http://epki.com.tw/repository/CRL/CA.crl,789,1,1,789
http://sslcatest.services.wisc.edu/web+AF8-crl.cer,802,1,1,802
http://www.certificadodigital.com.br/repositorio/lcr/serasaacpv2.crl,812,1,1,812
http://crl.acabogacia.org/crl/acabogacia.crl,814,1,1,814
http://crl.vi.ru/VI+AC0-CA+AC0-00.crl,851,1,1,851
http://bigmuzzy.ru/CertEnroll/BigMuzzy+ACU-20Root+ACU-20Certificate+ACU-20Authority.crl,1045,1,1,1045
http://th+AC0-buc+AC0-srv+AC0-crt1.tiriacauto.ro/CertEnroll/Tiriac+ACU-20Enterprise+ACU-20Root+ACU-20CA.crl,1112,1,1,1112
http://mymail.victoriacollege.edu/CertEnroll/mymail.victoriacollege.edu(2).crl,1119,1,1,1119
http://volusion+AC0-crl.digitalcertvalidation.com/crls/volusion.crl,488,0,749,1
http://crl.usertrust.com/AddTrustExternalCARoot.crl,494,0,35,15
http://crl.globalsign.net/root.crl,469,0,24,20
http://crl.comodo.net/Class3SecurityServices+AF8-3.crl,605,0,19,32
http://crl.geotrust.com/crls/utn.crl,494,0,18,28
http://crl.usertrust.com/RU+AC0-CENTERHighAssuranceServicesCA.crl,506,0,17,30
http://ica+AC0-crl.digitalcertvalidation.com/crls/ica.crl,507,0,15,34
http://crl.trustwave.com/EVCA+AF8-L3.crl,642,0,14,46
http://crl.comodoca.com/COMODOCertificationAuthority.crl,513,0,12,43
http://crl.verisign.com/RSASecureServer.crl,292,0,11,27
http://crl.thawte.com/ThawteTrialSSLCA.crl,553,0,11,51
http://SVR1024Secure+AC0-crl.verisign.com/SVR1024Secure2007.crl,387,0,10,39
http://crl.comodo.net/Class3SecurityServices+AF8-2.crl,605,0,10,61
http://crl.certum.pl/ca.crl,391,0,8,49
http://crl.globalsign.net/root+AC0-r2.crl,458,0,7,66
http://crl.usertrust.com/CrazyDomainsOVCertificationAuthority.crl,512,0,7,74
http://crl.verisign.com/pca3+AC0-g5.crl,533,0,7,77
http://www.certplus.com/CRL/class2.crl,443,0,5,89
http://crl.netsolssl.com/NetworkSolutionsEVSSLCA.crl,469,0,5,94
http://crl.gandi.net/GandiSGCSSLCA.crl,443,0,4,111
http://crl.thawte.com/ThawtePCA.crl,500,0,4,125
http://crl.thawte.com/thawteTrialSSLRootCA.crl,504,0,4,126
http://www.caczechia.cz/ca/crl/caczechia3.crl,503,0,4,126
http://SVRSecure+AC0-crl.verisign.com/SVRTrial2005.crl,534,0,4,134
http://www.jiexin.cn/cert/crl.crl,595,0,4,149
http://crl.swisssign.net/5B257B96A465517EB839F3C078665EE83AE7F0EE,708,0,4,177
http://SVRSecure+AC0-crl.verisign.com/SVRSecure.crl,292,0,3,98
http://repository.secomtrust.net/rootrepository/CRL.crl,389,0,3,130
http://crl.identrust.com/DSTROOTCAX3.crl,445,0,3,149
http://crl.netsolssl.com/NetworkSolutionsCertificateAuthority.crl,481,0,3,161
http://crl.certum.pl/gsca.crl,498,0,3,166
http://crl.comodoca.com/ComodoEVSGCCA.crl,498,0,3,166
http://crl.godaddy.com/gds3+AC0-12.crl,701,0,3,234
http://crl.godaddy.com/gds3+AC0-9.crl,701,0,3,234
http://crl.godaddy.com/gds3+AC0-15.crl,701,0,3,234
http://www.gfapki.com.cn/app/gfaapp1.crl,345,0,2,173
http://crl.pki.belgium.be/belgium2.crl,369,0,2,185
http://ca1.vasty.org/crl/ca.crl,382,0,2,191
http://certificates.godaddy.com/repository/root.crl,389,0,2,195
http://crl.affirmtrust.com/crl/AffirmTrustNetworking.crl,418,0,2,209
http://crl.e+AC0-trust.be/NCA.crl,423,0,2,212
http://crl.geotrust.com/crls/chainedfssl.crl,462,0,2,231
http://repository.secomtrust.net/EV+AC0-Root1/EVRoot1CRL.crl,466,0,2,233
http://crl.globalsign.net/Root+AF8-cat.crl,471,0,2,236
http://crl.rca.gov.ir/irica.crl,473,0,2,237
http://crl.netsolssl.com/NetworkSolutionsCA.crl,481,0,2,241
http://crl1.netlock.hu/index.cgi?crl+AD0-gold,498,0,2,249
http://crl.ssl.com/SSLcomPremiumEVCA.crl,501,0,2,251
http://crl.ca.vodafone.com/crl/VodafoneCorporateDomain2009.crl,511,0,2,256
http://ch.siemens.com/pki?ZZZZZZV1.crl,537,0,2,269
http://crl.globessl.com/GlobeSSLEVCertificationAuthority.crl,563,0,2,282
http://crl.certyfikatyssl.pl/DOMENYPLEVCertificationAuthority.crl,575,0,2,288
http://postsignum.ttc.cz/crl/psrootqca2.crl,577,0,2,289
http://www.postsignum.cz/crl/psrootqca2.crl,577,0,2,289
http://wwwca.telesec.de/cgi+AC0-bin/Pub+AF8-Cert/ServPass/DwnloadCRL.crl?+AC0-issuer+AF8-dn+AD0-Deutsche+AF8-Telekom+AF8-CA+AF8-5,630,0,2,315
http://www.e+AC0-szigno.hu/RootCA.crl,642,0,2,321
http://crl.securetrust.com/OVCA.crl,646,0,2,323
http://crl.chambersign.org/chambersroot.crl,653,0,2,327
http://nexus.nexodyne.com/CertEnroll/Nexodyne+ACU-20Certificate+ACU-20Authority.crl,696,0,2,348
http://crl.swisssign.net/17A0CDC1E441B63A5B3BCB459DBD1CC298FA8658,710,0,2,355
http://crl.ford.com/crl/Ford+ACU-20Motor+ACU-20Company+ACU-20+AC0AJQ-20Enterprise+ACU-20CA.crl,728,0,2,364
http://crl.izenpe.com/cgi+AC0-bin/arl2,748,0,2,374
http://crl.e+AC0-tugra.com/e+AC0-tugra+AF8-ksm.crl,768,0,2,384
http://crl.verisign.com/pca3+AC0-g3.crl,801,0,2,401
http://www.cert.fnmt.es/crls/ARLFNMTRCM.crl,920,0,2,460
http://gssprn.gss.com.tw/CertEnroll/GSS.crl,220,0,1,220
http://ldap2.sheca.com/CA11/RA9020100/CRL596.crl,236,0,1,236
http://ldap2.sheca.com/CA11/RA9020100/CRL843.crl,236,0,1,236
http://www.ips.es/crl/ipsSERVIDOREScrl.crl,365,0,1,365
http://crl.szcert.com/crl93.crl,372,0,1,372
http://crls.services.cnrs.fr/CNRS2/getder.crl,373,0,1,373
http://ldap2.sheca.com/CA12/RA9020100/CRL589.crl,382,0,1,382
http://ldap2.sheca.com/CA12/RA9020100/CRL639.crl,382,0,1,382
http://ldap2.sheca.com/CA12/RA9020100/CRL875.crl,382,0,1,382
http://ldap2.sheca.com/CA12/RA9020100/CRL905.crl,382,0,1,382
http://ldap2.sheca.com/CA12/RA9020100/CRL407.crl,382,0,1,382
http://ldap2.sheca.com/root/ucasub.crl,385,0,1,385
http://sureseries+AC0-crl.betrusted.ne.jp/SureServer/2018+AF8-ct/cdp.crl,427,0,1,427
http://certificates.godaddy.com/repository/gdroot.crl,429,0,1,429
http://repo1.secomtrust.net/sppca/xips/fullcrl.crl,429,0,1,429
http://crl.pkioverheid.nl/LatestCRL.crl,434,0,1,434
http://fedir.comsign.co.il/crl/ComSignSecuredCA.crl,442,0,1,442
http://crl.certifikat.dk/Root+AF8-CA.crl,450,0,1,450
http://crl.globalsign.net/primserver.crl,451,0,1,451
http://www.trustis.com/pki/fps/crl/ia.crl,451,0,1,451
http://crl.certum.pl/ctnca.crl,456,0,1,456
http://crl.globalssl.org/GlobalSSLDomainValidationSSLCA.crl,461,0,1,461
http://rtglicense.realtimegaming.com/CertEnroll/Realtime+ACU-20Gaming+ACU-20CA(2).crl,462,0,1,462
http://pki.landicorp.com/pki/LandiIntermediateCA.crl,462,0,1,462
http://comtrust.etisalat.ae/rootca.crl,467,0,1,467
http://ssignadcrl01.jcsinc.co.jp/repository/crl/rca.crl,470,0,1,470
http://zign.nl:1640/rfc2585/IntermediateCA+AF8-ZIGN.NL+AF8-1.crl,472,0,1,472
http://crl.codeproject.com/TheCodeProjectPremiumSSLSecurityCA.crl,474,0,1,474
http://granmoto.ru:1640/rfc2585/IntermediateCA+AF8-GRANMOTO.RU+AF8-1.crl,475,0,1,475
http://crl.securebusinessservices.com/SecureBusinessServicesCA+AF8-3.crl,475,0,1,475
http://www.bisang+AC0-informatik.ch:1640/rfc2585/Berufskunde+AC0-Verlag.crl,476,0,1,476
http://zign.nl:1640/rfc2585/Zign+ACU-20Open+ACU-20Directory+ACU-20Certification+ACU-20Authority.crl,483,0,1,483
http://ca.unicreditgroup.eu/CRL/ca.crl,484,0,1,484
http://crl.dreamhost.com/DREAMHOSTSSLDOMAINVALIDATEDCA.crl,484,0,1,484
http://certificates.starfieldtech.com/repository/sfroot.crl,486,0,1,486
http://granmoto.ru:1640/rfc2585/Granmoto+ACU-20Open+ACU-20Directory+ACU-20Certification+ACU-20Authority.crl,486,0,1,486
http://crl.disney.com/CRLs/DisneyRootCA.crl,488,0,1,488
http://crl.trust+AC0-provider.com/AddTrustExternalCARoot.crl,494,0,1,494
http://crl.coop.ch/CoopRootCA1.crl,498,0,1,498
http://crl.comodoca.com/ComodoEVSSLCA.crl,498,0,1,498
http://crl.infonotary.com/crl/trustpath+AC0-ca.crl,499,0,1,499
http://crl.tcclass3+AC0-ii.trustcenter.de/crl/v2/tc+AF8-class+AF8-3+AF8-ca+AF8-II.crl,501,0,1,501
http://www.bisang+AC0-informatik.ch:1640/rfc2585/IntermediateCA+AF8-WWW.BERUFSKUNDE.COM+AF8-1.crl,502,0,1,502
http://crl.tcuniversal+AC0-I.trustcenter.de/crl/v2/tc+AF8-universal+AF8-root+AF8-I.crl,504,0,1,504
http://icp+AC0-brasil.certisign.com.br/repositorio/lcr/ACCertisignG3/LatestCRL.crl,505,0,1,505
http://pki.saic.com/SAIC+ACU-20Public+ACU-20Policy+ACU-20CA+ACU-2001(1).crl,509,0,1,509
http://crl.godaddy.com/gdroot+AC0-g2.crl,514,0,1,514
http://crl.rsasecurity.com/RSACorporateCAv2.crl,519,0,1,519
http://crl.verisign.com/SVRTrialRootG2.crl,524,0,1,524
http://crl.starfieldtech.com/sfroot+AC0-g2.crl,526,0,1,526
http://igc.application.developpement+AC0-durable.gouv.fr/AC+AF8-Racine/crl/crl+AC0-2.crl,528,0,1,528
http://crl.comodoca.com/COMODORSAExtendedValidationSecureServerCA.crl,530,0,1,530
http://igc.application.developpement+AC0-durable.gouv.fr/AC+AF8-Ministere/crl/crl+AC0-2.crl,531,0,1,531
http://infocert.psa+AC0-peugeot+AC0-citroen.com/PSA+AF8-Peugeot+AF8-Citroen+AF8-Racine.crl,538,0,1,538
http://crl.e+AC0-szigno.hu/rootca2009.crl,541,0,1,541
http://ch.siemens.com/pki?ZZZZZZV0.crl,544,0,1,544
http://infocert.psa+AC0-peugeot+AC0-citroen.com/PSA+AF8-Peugeot+AF8-Citroen+AF8-Programs+AF8-Partners.crl,551,0,1,551
http://ccd.serpro.gov.br/lcr/serproacfv1.crl,552,0,1,552
http://ch.siemens.com/pki?ZZZZZ000.crl,555,0,1,555
http://proxy.fineid.fi/arl/vrkroota.crl,561,0,1,561
http://ca.spbgau.org/spbgau+ACU-20Root+ACU-20CA.crl,567,0,1,567
http://pki.unimc.it/unimcsub1ca/UnimcSub1CA.crl,567,0,1,567
http://pki.unimc.it/unimcrootca/UnimcRootCA.crl,567,0,1,567
http://public.wisekey.com/crl/owgrgaca.crl,570,0,1,570
http://nicca.nic.in/crl+AF8-2792.crl,573,0,1,573
http://www.turktrust.com.tr/sil/TURKTRUST+AF8-Kok+AF8-SIL+AF8-s2.crl,575,0,1,575
http://www.turktrust.com.tr/sil/TURKTRUST+AF8-Kok+AF8-SIL+AF8-s3.crl,576,0,1,576
http://pki.automobiletechnologies.com/AMTInc+AF8-RCA.crl,589,0,1,589
http://crl.cnca.pl/crl/cnca+AF8-root.crl,591,0,1,591
http://ca.nso.ru/ANO+AF8-RCA.crl,596,0,1,596
http://pki.dowjones.com/crl/djer.crl,601,0,1,601
http://pki.adidas+AC0-group.com/public/CA/adidas+ACU-20Global+ACU-20Intermediate+ACU-20CA+ACU-2001.crl,624,0,1,624
http://ca.nso.ru/ANO+AF8-PICA.crl,630,0,1,630
http://media+AC0-server.imet+AC0-db.ru/CertEnroll/imet.crl,646,0,1,646
http://ca.intevation.org/crls/root+AC0-ca+AC0-2010.crl,647,0,1,647
http://ldap2.sheca.com/root/ucaglobalsub.crl,648,0,1,648
http://mx.miho.jp/CertEnroll/MIHO+AC0-MX+AC0-CA.crl,648,0,1,648
http://www.bookshop.ua/CertEnroll/bookshop.ua.crl,658,0,1,658
http://gdtsrv01.guidant.com/PKI/GDT+AC0-SubCA+AC0-Public(1).crl,689,0,1,689
http://www.wide.ad.jp/ca/widerootcrl.crl,693,0,1,693
http://crl+AC0-2.trust.teliasonera.com/teliasonerarootcav1.crl,694,0,1,694
http://crl.pkioverheid.nl/RootLatestCRL+AC0-G2.crl,695,0,1,695
http://webserver.unifra.br/CertEnroll/caunifra.crl,696,0,1,696
http://crl.godaddy.com/gds3+AC0-2.crl,701,0,1,701
http://crl.godaddy.com/gds3+AC0-8.crl,701,0,1,701
http://crl.godaddy.com/gds3+AC0-3.crl,701,0,1,701
http://crl.godaddy.com/gds3+AC0-1.crl,701,0,1,701
http://www.ecar.parlamento.pt/repositorio/ECAR.crl,701,0,1,701
http://crl.godaddy.com/gds3+AC0-14.crl,701,0,1,701
http://crl.disney.com/CRLs/DisneyIssuingCAc14.crl,701,0,1,701
http://crl.disney.com/CRLs/DisneyIssuingCAc146.crl,705,0,1,705
http://crl.afsz.hu/rootca.crl,706,0,1,706
http://www.rism.ac.th/CertEnroll/www.crl,712,0,1,712
http://crl.firmaprofesional.com/fproot.crl,719,0,1,719
http://www.eszkoly.pl/certenroll/wodipRootCA.crl,721,0,1,721
http://crl.starfieldtech.com/sfs3+AC0-2.crl,724,0,1,724
http://pki.landicorp.com/pki/LandiRootCA.crl,729,0,1,729
http://crl.ersca.com/crl/rootca.crl,730,0,1,730
http://www.iugaza.edu.ps/certs/iugca.crl,734,0,1,734
http://www.swissdigicert.ch/download/sdcs+AC0-root.crl,738,0,1,738
http://ca.pks.rs/CRL/PKSCARoot.crl,742,0,1,742
http://repositorio.icpbrasil.gov.br/lcr/CAIXA/ACCAIXA/accaixav2.crl,748,0,1,748
http://www.csp.uzi+AC0-register.nl/cdp/zorg+AF8-csp+AF8-ca+AF8-g21.crl,748,0,1,748
http://lcr.caixa.gov.br/accaixav2.crl,748,0,1,748
http://pki.swatchgroup.com/cert/Swatch+ACU-20Group+ACU-20Root+ACU-20CA.crl,749,0,1,749
http://icp+AC0-brasil.certisign.com.br/repositorio/lcr/ACCertisignG6/LatestCRL.crl,752,0,1,752
http://ca.intesasanpaolo.com/portalCais0/crl/rootint.crl,760,0,1,760
http://ccd.serpro.gov.br/lcr/acserprov3.crl,772,0,1,772
http://crl.comodoca.com/COMODORSACertificationAuthority.crl,773,0,1,773
http://crl.infonotary.com/crl/root+AC0-ca.crl,776,0,1,776
http://www.acjus.jus.br/acjus/acjusv4.crl,776,0,1,776
http://www.stampit.org/crl/stampit+AF8-primary.crl,786,0,1,786
http://certs.oati.net/repository/OATICA2.crl,788,0,1,788
http://crl3.igc.education.fr/RacineEducation.crl,796,0,1,796
http://crl3.igc.education.fr/EnseignementScolaire.crl,798,0,1,798
http://crl.microsoft.com/pki/crl/products/MicrosoftCodeVerifRoot.crl,814,0,1,814
http://www.correo.com.uy/CorreoCert/anc+AF8-root.crl,834,0,1,834
http://www.b+AC0-trust.org/repository/ca5root/crl/b+AC0-trust+AF8-ca5+AF8-root.crl,855,0,1,855
http://www.innove.ee/CertEnroll/INN+AC0-CA.crl,896,0,1,896
http://ca.cloanto.com/pki/Cloanto+ACU-20SSC+ACU-20Root+ACU-20CA.crl,912,0,1,912
http://correo.rfhe.com/CertEnroll/correo.crl,933,0,1,933
http://exmail.hentane.com/CertEnroll/EXMAIL.crl,944,0,1,944
http://mailserver.dloco.com/CertEnroll/dloco.crl,945,0,1,945
http://gazda.fer.hr/CertEnroll/FER+ACU-20AD+ACU-20CA.crl,946,0,1,946
http://wrot.finam.ru/CertEnroll/FINAM+ACU-20Root.crl,949,0,1,949
http://mail.bjrc.com/CertEnroll/mail.bjrc.com.crl,955,0,1,955
http://crls.dnie.es/crls/ARL.crl,959,0,1,959
http://www.policia.es/crls/ARL.crl,960,0,1,960
http://certsrv.nknh.ru/CertEnroll/NKNH+ACU-20Root+ACU-20CA.crl,968,0,1,968
http://uni+AC0-mail.unibel.by/CertEnroll/Unibel+ACU-20cert.crl,969,0,1,969
http://ca.gramboo.com/CertEnroll/Gramboo+ACU-20Certificate+ACU-20Authority.crl,974,0,1,974
http://trust.gmcr.com/CertEnroll/GMCR+ACU-20Enterprise+ACU-20Root+ACU-20CA+ACU-202K8R2.crl,985,0,1,985
http://www.ras.ru/CertEnroll/RAS+ACU-20Root+ACU-20Authority.crl,993,0,1,993
http://www.avalon.ru/CA/AVALON+ACU-20CA.crl,994,0,1,994
http://epscd2.catcert.net/crl/ec+AC0-gencat.crl,1001,0,1,1001
http://espasamail.espasa.com.ar/CertEnroll/espasamail.crl,1005,0,1,1005
http://pki.landicorp.com/pki/LandiServerICA.crl,1016,0,1,1016
http://realone.realeyesit.com/CertEnroll/realeyesit+AC0-REALONE+AC0-CA.crl,1026,0,1,1026
http://certs.1dv.ru/root+AC0-crl+AC0-v2.crl,1029,0,1,1029
http://gdtsrv01.guidant.com/PKI/GDT+AC0-EntSubCA+AC0-Public.crl,1031,0,1,1031
http://idiomas.interlingua.com.mx/CertEnroll/interlingua+AC0-IDIOMAS+AC0-CA.crl,1069,0,1,1069
http://crl.camerfirma.com/chambersroot+AC0-2008.crl,1082,0,1,1082
http://www.ansc.ru/CertEnroll/linkserver.shipping.ru.crl,1086,0,1,1086
http://certs.videoediting.ru/videoediting/root+AC0-crl+AC0-v2.crl,1168,0,1,1168
http://pki.molehand.eu/molehand+AC0-root.crl,1203,0,1,1203
http://www.mpei.ru/certenroll/Public+ACU-20Enterprise+ACU-20Root.crl,1217,0,1,1217
http://www.bg.us.edu.pl/CertEnroll/bga75.crl,1242,0,1,1242
http://pki.shearings.com/Shearings+AC0-Group+ACU-20Root.crl,1283,0,1,1283
http://crl.toyota.cz/Toyota+ACU-20Motor+ACU-20Czech+ACU-20+ACE-0028HYDRA+ACE-0029.crl,1308,0,1,1308
http://ca.cloanto.com/pki/Cloanto+ACU-20SSC+ACU-20Public+ACU-20CA+ACU-201.crl,1548,0,1,1548
